view_1_a08_s10_e03.mp4,6
view_3_a04_s02_e04.mp4,3
view_1_a05_s02_e04.mp4,4
view_2_a02_s08_e01.mp4,1
view_3_a05_s02_e04.mp4,4
view_2_a05_s09_e01.mp4,4
view_1_a11_s09_e02.mp4,8
view_3_a03_s07_e03.mp4,2
view_2_a08_s09_e01.mp4,6
view_3_a03_s03_e05.mp4,2
view_3_a11_s07_e02.mp4,8
view_1_a03_s03_e02.mp4,2
view_1_a01_s07_e03.mp4,0
view_2_a02_s03_e02.mp4,1
view_2_a08_s05_e03.mp4,7
view_3_a02_s07_e00.mp4,1
view_3_a04_s01_e04.mp4,3
view_3_a11_s04_e03.mp4,8
view_3_a04_s09_e02.mp4,3
view_3_a06_s04_e03.mp4,5
view_3_a06_s01_e04.mp4,5
view_2_a12_s07_e01.mp4,9
view_1_a08_s09_e01.mp4,6
view_1_a08_s10_e00.mp4,6
view_2_a03_s02_e04.mp4,2
view_2_a06_s05_e00.mp4,5
view_3_a04_s02_e03.mp4,3
view_2_a09_s07_e03.mp4,7
view_3_a05_s06_e03.mp4,4
view_2_a08_s02_e00.mp4,6
view_1_a12_s04_e01.mp4,9
view_3_a06_s08_e00.mp4,5
view_3_a01_s03_e03.mp4,0
view_1_a03_s10_e03.mp4,2
view_2_a06_s09_e04.mp4,5
view_2_a04_s01_e09.mp4,3
view_2_a05_s06_e03.mp4,4
view_2_a04_s01_e00.mp4,3
view_3_a11_s08_e01.mp4,8
view_3_a11_s09_e03.mp4,8
view_2_a11_s06_e00.mp4,8
view_1_a12_s01_e04.mp4,9
view_2_a06_s08_e00.mp4,5
view_3_a12_s07_e03.mp4,9
view_2_a11_s05_e05.mp4,8
view_2_a02_s07_e04.mp4,1
view_3_a09_s04_e02.mp4,7
view_1_a02_s05_e01.mp4,1
view_2_a06_s08_e04.mp4,5
view_1_a03_s10_e01.mp4,2
view_1_a09_s05_e00.mp4,7
view_2_a08_s10_e00.mp4,6
view_1_a12_s06_e00.mp4,9
view_2_a09_s08_e02.mp4,7
view_3_a09_s07_e00.mp4,7
view_3_a01_s10_e03.mp4,0
view_2_a11_s05_e02.mp4,8
view_1_a11_s08_e04.mp4,8
view_1_a12_s04_e05.mp4,9
view_2_a08_s04_e01.mp4,6
view_3_a02_s02_e03.mp4,1
view_1_a09_s05_e02.mp4,7
view_3_a05_s08_e01.mp4,4
view_1_a12_s08_e04.mp4,9
view_3_a05_s02_e03.mp4,4
view_1_a11_s03_e00.mp4,8
view_2_a11_s09_e00.mp4,8
view_1_a08_s01_e02.mp4,6
view_1_a01_s03_e00.mp4,0
view_3_a01_s04_e00.mp4,0
view_1_a01_s09_e02.mp4,0
view_3_a09_s09_e01.mp4,7
view_2_a05_s05_e02.mp4,4
view_1_a11_s09_e03.mp4,8
view_1_a03_s07_e00.mp4,2
view_1_a11_s03_e03.mp4,8
view_3_a12_s10_e02.mp4,9
view_3_a02_s07_e01.mp4,1
view_2_a06_s01_e04.mp4,5
view_1_a09_s03_e00.mp4,7
view_1_a01_s09_e00.mp4,0
view_2_a03_s07_e01.mp4,2
view_1_a05_s01_e01.mp4,4
view_3_a01_s06_e00.mp4,0
view_2_a08_s03_e00.mp4,6
view_2_a06_s09_e02.mp4,5
view_2_a12_s06_e04.mp4,9
view_2_a11_s01_e00.mp4,8
view_3_a11_s01_e01.mp4,8
view_3_a05_s02_e02.mp4,4
view_3_a01_s06_e02.mp4,0
view_1_a09_s09_e01.mp4,7
view_2_a05_s04_e05.mp4,5
view_2_a06_s03_e00.mp4,5
view_3_a04_s08_e01.mp4,3
view_2_a01_s10_e04.mp4,0
view_1_a08_s05_e05.mp4,6
view_2_a09_s09_e02.mp4,7
view_3_a08_s04_e00.mp4,6
view_2_a08_s10_e02.mp4,6
view_3_a02_s04_e04.mp4,1
view_1_a08_s03_e00.mp4,6
view_1_a06_s05_e04.mp4,5
view_2_a06_s01_e00.mp4,5
view_2_a03_s06_e01.mp4,2
view_2_a12_s05_e02.mp4,9
view_1_a05_s09_e04.mp4,4
view_2_a03_s01_e01.mp4,2
view_1_a08_s02_e03.mp4,6
view_1_a06_s07_e02.mp4,5
view_1_a03_s03_e05.mp4,2
view_1_a06_s04_e04.mp4,5
view_1_a11_s05_e02.mp4,8
view_1_a03_s03_e03.mp4,2
view_1_a12_s01_e00.mp4,9
view_2_a03_s05_e03.mp4,2
view_2_a05_s01_e02.mp4,4
view_2_a03_s07_e04.mp4,2
view_2_a06_s07_e03.mp4,5
view_3_a11_s08_e02.mp4,8
view_1_a06_s08_e04.mp4,5
view_1_a03_s09_e03.mp4,2
view_1_a03_s03_e01.mp4,2
view_1_a09_s09_e03.mp4,7
view_1_a05_s02_e02.mp4,4
view_3_a03_s08_e02.mp4,2
view_3_a08_s04_e01.mp4,6
view_2_a12_s10_e04.mp4,9
view_1_a04_s08_e04.mp4,3
view_3_a01_s03_e02.mp4,0
view_3_a04_s10_e02.mp4,3
view_3_a04_s01_e02.mp4,3
view_1_a01_s02_e00.mp4,0
view_1_a11_s10_e02.mp4,8
view_3_a12_s02_e03.mp4,9
view_2_a11_s09_e01.mp4,8
view_2_a03_s08_e02.mp4,2
view_1_a04_s10_e04.mp4,3
view_2_a11_s03_e03.mp4,8
view_2_a01_s03_e01.mp4,0
view_3_a09_s01_e01.mp4,7
view_3_a11_s06_e00.mp4,8
view_3_a12_s02_e00.mp4,9
view_2_a02_s10_e03.mp4,1
view_3_a05_s04_e04.mp4,4
view_2_a09_s03_e03.mp4,7
view_1_a04_s05_e02.mp4,3
view_1_a08_s08_e03.mp4,6
view_1_a11_s04_e00.mp4,8
view_3_a04_s03_e03.mp4,3
view_2_a08_s05_e06.mp4,7
view_1_a09_s03_e01.mp4,7
view_2_a06_s04_e00.mp4,4
view_3_a08_s08_e02.mp4,6
view_3_a05_s07_e04.mp4,4
view_1_a01_s10_e03.mp4,0
view_3_a02_s03_e01.mp4,1
view_1_a12_s01_e01.mp4,9
view_1_a12_s10_e00.mp4,9
view_2_a09_s01_e03.mp4,7
view_1_a12_s05_e01.mp4,9
view_3_a12_s04_e01.mp4,9
view_3_a03_s10_e02.mp4,2
view_3_a05_s10_e02.mp4,4
view_3_a02_s05_e02.mp4,1
view_1_a03_s05_e02.mp4,2
view_2_a01_s07_e01.mp4,0
view_2_a02_s03_e01.mp4,1
view_2_a03_s06_e02.mp4,2
view_3_a04_s06_e01.mp4,3
view_3_a05_s09_e02.mp4,4
view_1_a04_s01_e01.mp4,3
view_2_a02_s06_e03.mp4,1
view_3_a03_s09_e02.mp4,2
view_1_a08_s03_e02.mp4,6
view_1_a02_s09_e01.mp4,1
view_3_a01_s03_e00.mp4,0
view_2_a02_s08_e02.mp4,1
view_2_a09_s08_e04.mp4,7
view_3_a03_s04_e02.mp4,2
view_2_a05_s08_e00.mp4,4
view_2_a02_s01_e00.mp4,1
view_2_a04_s06_e01.mp4,3
view_2_a01_s09_e03.mp4,0
view_1_a08_s05_e02.mp4,6
view_1_a09_s03_e02.mp4,7
view_2_a03_s04_e02.mp4,2
view_3_a01_s03_e07.mp4,0
view_1_a02_s09_e02.mp4,1
view_2_a02_s08_e03.mp4,1
view_1_a09_s06_e01.mp4,7
view_3_a11_s10_e04.mp4,8
view_2_a12_s01_e03.mp4,9
view_2_a04_s03_e00.mp4,3
view_1_a01_s02_e01.mp4,0
view_1_a09_s08_e03.mp4,7
view_3_a05_s08_e00.mp4,4
view_3_a01_s07_e00.mp4,0
view_1_a02_s07_e02.mp4,1
view_2_a12_s01_e01.mp4,9
view_1_a11_s01_e02.mp4,8
view_1_a05_s01_e02.mp4,4
view_1_a06_s06_e00.mp4,5
view_2_a11_s02_e04.mp4,8
view_3_a11_s01_e02.mp4,8
view_3_a01_s02_e03.mp4,0
view_1_a08_s06_e00.mp4,6
view_1_a09_s08_e04.mp4,7
view_1_a09_s08_e00.mp4,7
view_2_a11_s05_e01.mp4,8
view_1_a03_s08_e03.mp4,2
view_1_a01_s07_e01.mp4,0
view_1_a03_s07_e04.mp4,2
view_2_a12_s06_e00.mp4,9
view_3_a12_s02_e01.mp4,9
view_2_a11_s01_e02.mp4,8
view_3_a11_s09_e02.mp4,8
view_2_a12_s05_e03.mp4,9
view_3_a02_s06_e02.mp4,1
view_3_a06_s10_e04.mp4,5
view_2_a02_s07_e03.mp4,1
view_3_a03_s07_e00.mp4,2
view_1_a05_s03_e02.mp4,4
view_2_a04_s06_e03.mp4,3
view_3_a04_s10_e03.mp4,3
view_1_a05_s04_e02.mp4,4
view_1_a12_s04_e03.mp4,9
view_3_a09_s02_e00.mp4,7
view_2_a02_s03_e00.mp4,1
view_1_a09_s05_e03.mp4,7
view_1_a11_s04_e03.mp4,8
view_1_a12_s10_e01.mp4,9
view_3_a03_s05_e01.mp4,2
view_3_a02_s06_e04.mp4,1
view_2_a12_s09_e01.mp4,9
view_2_a03_s01_e03.mp4,2
view_3_a03_s03_e04.mp4,2
view_2_a05_s04_e02.mp4,5
view_3_a06_s09_e02.mp4,5
view_3_a02_s05_e03.mp4,1
view_2_a06_s04_e02.mp4,4
view_2_a05_s04_e00.mp4,5
view_2_a02_s10_e02.mp4,1
view_2_a12_s05_e00.mp4,9
view_1_a02_s05_e04.mp4,1
view_2_a04_s07_e00.mp4,3
view_1_a04_s07_e02.mp4,3
view_1_a02_s06_e01.mp4,1
view_1_a03_s04_e02.mp4,2
view_3_a05_s07_e05.mp4,4
view_1_a11_s08_e00.mp4,8
view_2_a05_s09_e00.mp4,4
view_2_a08_s10_e01.mp4,6
view_3_a03_s08_e00.mp4,2
view_2_a06_s02_e04.mp4,5
view_2_a04_s01_e05.mp4,3
view_2_a04_s06_e00.mp4,3
view_1_a01_s04_e05.mp4,0
view_1_a04_s02_e04.mp4,3
view_2_a11_s04_e03.mp4,8
view_2_a09_s01_e02.mp4,7
view_1_a05_s01_e04.mp4,4
view_3_a03_s05_e03.mp4,2
view_3_a04_s09_e00.mp4,3
view_3_a09_s02_e03.mp4,7
view_2_a04_s06_e04.mp4,3
view_2_a03_s03_e00.mp4,2
view_1_a05_s05_e04.mp4,4
view_2_a04_s10_e01.mp4,3
view_1_a05_s05_e01.mp4,4
view_2_a01_s02_e00.mp4,0
view_2_a09_s03_e02.mp4,7
view_3_a02_s08_e04.mp4,1
view_3_a04_s06_e00.mp4,3
view_2_a05_s02_e00.mp4,4
view_1_a11_s01_e00.mp4,8
view_3_a01_s01_e03.mp4,0
view_2_a04_s08_e03.mp4,3
view_3_a12_s01_e03.mp4,9
view_2_a11_s10_e01.mp4,8
view_2_a08_s03_e04.mp4,6
view_2_a03_s08_e01.mp4,2
view_3_a05_s02_e01.mp4,4
view_1_a02_s02_e03.mp4,1
view_2_a08_s07_e01.mp4,6
view_3_a03_s04_e04.mp4,2
view_1_a08_s08_e04.mp4,6
view_3_a06_s02_e04.mp4,5
view_1_a08_s09_e04.mp4,6
view_1_a11_s06_e01.mp4,8
view_3_a08_s03_e01.mp4,6
view_3_a04_s08_e04.mp4,3
view_1_a11_s03_e02.mp4,8
view_2_a09_s06_e00.mp4,7
view_1_a06_s03_e03.mp4,5
view_1_a09_s03_e03.mp4,7
view_1_a03_s07_e02.mp4,2
view_1_a04_s09_e02.mp4,3
view_1_a08_s01_e00.mp4,6
view_3_a12_s02_e04.mp4,9
view_1_a06_s10_e03.mp4,5
view_3_a05_s06_e02.mp4,4
view_3_a11_s03_e05.mp4,8
view_1_a04_s09_e01.mp4,3
view_2_a03_s10_e00.mp4,2
view_1_a08_s04_e02.mp4,6
view_3_a04_s02_e02.mp4,3
view_3_a06_s06_e00.mp4,5
view_1_a03_s01_e00.mp4,2
view_1_a03_s09_e02.mp4,2
view_2_a09_s10_e04.mp4,7
view_1_a04_s05_e00.mp4,3
view_3_a03_s07_e04.mp4,2
view_3_a09_s03_e04.mp4,7
view_1_a06_s02_e01.mp4,5
view_2_a03_s09_e04.mp4,2
view_3_a05_s04_e03.mp4,4
view_2_a05_s03_e00.mp4,4
view_3_a03_s01_e04.mp4,2
view_1_a04_s06_e01.mp4,3
view_3_a08_s01_e00.mp4,6
view_1_a02_s05_e02.mp4,1
view_1_a05_s07_e01.mp4,4
view_2_a03_s01_e02.mp4,2
view_2_a08_s02_e03.mp4,6
view_1_a03_s07_e01.mp4,2
view_3_a09_s09_e03.mp4,7
view_1_a04_s04_e02.mp4,3
view_2_a04_s05_e01.mp4,3
view_2_a02_s07_e02.mp4,1
view_1_a12_s05_e00.mp4,9
view_1_a01_s05_e01.mp4,0
view_1_a11_s02_e01.mp4,8
view_1_a06_s06_e02.mp4,5
view_1_a08_s10_e01.mp4,6
view_3_a09_s01_e02.mp4,7
view_2_a12_s03_e02.mp4,9
view_2_a08_s04_e02.mp4,6
view_2_a12_s07_e00.mp4,9
view_2_a08_s09_e04.mp4,6
view_2_a08_s10_e03.mp4,6
view_1_a02_s09_e03.mp4,1
view_2_a01_s04_e02.mp4,0
view_2_a09_s10_e03.mp4,7
view_2_a06_s10_e00.mp4,5
view_1_a06_s08_e00.mp4,5
view_1_a09_s05_e04.mp4,7
view_3_a08_s03_e03.mp4,6
view_2_a09_s07_e00.mp4,7
view_1_a01_s04_e00.mp4,0
view_3_a01_s06_e04.mp4,0
view_1_a02_s08_e01.mp4,1
view_3_a04_s08_e03.mp4,3
view_3_a04_s08_e00.mp4,3
view_3_a11_s03_e02.mp4,8
view_3_a06_s09_e00.mp4,5
view_1_a06_s10_e02.mp4,5
view_1_a01_s02_e02.mp4,0
view_3_a05_s07_e00.mp4,4
view_1_a05_s05_e02.mp4,4
view_1_a05_s10_e03.mp4,4
view_2_a03_s05_e02.mp4,2
view_3_a02_s10_e02.mp4,1
view_1_a09_s09_e02.mp4,7
view_3_a11_s04_e04.mp4,8
view_3_a04_s06_e02.mp4,3
view_2_a05_s05_e00.mp4,4
view_2_a09_s10_e02.mp4,7
view_1_a01_s02_e03.mp4,0
view_1_a04_s07_e03.mp4,3
view_3_a01_s08_e02.mp4,0
view_3_a06_s01_e03.mp4,5
view_3_a01_s08_e03.mp4,0
view_1_a02_s09_e00.mp4,1
view_3_a08_s10_e01.mp4,6
view_3_a09_s07_e01.mp4,7
view_1_a01_s07_e00.mp4,0
view_3_a12_s03_e03.mp4,9
view_3_a06_s06_e04.mp4,5
view_2_a01_s08_e04.mp4,0
view_3_a04_s03_e01.mp4,3
view_1_a09_s05_e01.mp4,7
view_1_a02_s04_e04.mp4,1
view_3_a09_s06_e00.mp4,7
view_3_a08_s03_e00.mp4,6
view_2_a05_s02_e02.mp4,4
view_1_a04_s05_e06.mp4,3
view_1_a04_s04_e06.mp4,3
view_1_a06_s07_e03.mp4,5
view_2_a08_s09_e03.mp4,6
view_2_a04_s01_e08.mp4,3
view_1_a02_s06_e05.mp4,1
view_1_a09_s10_e02.mp4,7
view_1_a09_s02_e01.mp4,7
view_2_a11_s07_e04.mp4,8
view_2_a04_s02_e01.mp4,3
view_1_a01_s10_e01.mp4,0
view_1_a09_s02_e03.mp4,7
view_3_a02_s10_e04.mp4,1
view_1_a03_s01_e02.mp4,2
view_1_a08_s03_e03.mp4,6
view_3_a06_s07_e00.mp4,5
view_1_a05_s09_e00.mp4,4
view_2_a09_s05_e04.mp4,6
view_2_a09_s04_e02.mp4,7
view_3_a09_s07_e02.mp4,7
view_3_a02_s08_e02.mp4,1
view_2_a05_s03_e02.mp4,4
view_1_a02_s07_e00.mp4,1
view_3_a08_s06_e01.mp4,6
view_3_a03_s02_e04.mp4,2
view_3_a06_s08_e04.mp4,5
view_3_a12_s01_e04.mp4,9
view_2_a05_s07_e04.mp4,4
view_3_a12_s06_e04.mp4,9
view_2_a01_s06_e01.mp4,0
view_2_a08_s05_e01.mp4,7
view_2_a11_s08_e00.mp4,8
view_3_a03_s05_e04.mp4,2
view_2_a04_s05_e02.mp4,3
view_2_a08_s02_e02.mp4,6
view_2_a12_s02_e04.mp4,9
view_1_a12_s08_e02.mp4,9
view_1_a12_s02_e03.mp4,9
view_1_a08_s02_e02.mp4,6
view_3_a05_s08_e05.mp4,4
view_3_a08_s09_e03.mp4,6
view_1_a12_s03_e02.mp4,9
view_2_a02_s06_e01.mp4,1
view_2_a12_s06_e03.mp4,9
view_1_a06_s10_e05.mp4,5
view_2_a05_s05_e01.mp4,4
view_1_a03_s02_e02.mp4,2
view_3_a02_s03_e04.mp4,1
view_2_a11_s05_e03.mp4,8
view_2_a05_s08_e01.mp4,4
view_3_a02_s09_e03.mp4,1
view_3_a04_s01_e01.mp4,3
view_3_a09_s01_e03.mp4,7
view_2_a02_s02_e03.mp4,1
view_3_a08_s10_e02.mp4,6
view_3_a05_s08_e02.mp4,4
view_1_a05_s02_e00.mp4,4
view_3_a03_s09_e01.mp4,2
view_1_a04_s08_e01.mp4,3
view_2_a01_s03_e04.mp4,0
view_2_a11_s08_e04.mp4,8
view_3_a08_s07_e01.mp4,6
view_1_a06_s03_e02.mp4,5
view_2_a06_s08_e02.mp4,5
view_2_a12_s06_e02.mp4,9
view_3_a09_s09_e02.mp4,7
view_3_a11_s08_e00.mp4,8
view_3_a04_s01_e08.mp4,3
view_3_a05_s01_e04.mp4,4
view_1_a06_s09_e00.mp4,5
view_1_a05_s09_e01.mp4,4
view_1_a11_s02_e02.mp4,8
view_3_a02_s09_e04.mp4,1
view_2_a06_s06_e04.mp4,5
view_2_a02_s09_e02.mp4,1
view_1_a04_s05_e01.mp4,3
view_3_a12_s08_e00.mp4,9
view_3_a11_s02_e03.mp4,8
view_3_a01_s08_e04.mp4,0
view_3_a09_s08_e04.mp4,7
view_3_a05_s03_e02.mp4,4
view_3_a01_s03_e05.mp4,0
view_3_a08_s01_e01.mp4,6
view_2_a05_s01_e01.mp4,4
view_3_a11_s03_e01.mp4,8
view_1_a02_s01_e04.mp4,1
view_2_a06_s03_e01.mp4,5
view_1_a05_s09_e03.mp4,4
view_2_a12_s10_e01.mp4,9
view_1_a04_s01_e02.mp4,3
view_2_a09_s06_e01.mp4,7
view_1_a11_s02_e03.mp4,8
view_1_a05_s05_e03.mp4,4
view_3_a11_s09_e00.mp4,8
view_3_a04_s01_e05.mp4,3
view_1_a04_s08_e02.mp4,3
view_2_a08_s06_e03.mp4,6
view_2_a12_s03_e01.mp4,9
view_2_a01_s07_e04.mp4,0
view_2_a04_s10_e00.mp4,3
view_1_a03_s03_e00.mp4,2
view_1_a01_s09_e04.mp4,0
view_1_a12_s04_e02.mp4,9
view_3_a02_s08_e01.mp4,1
view_3_a11_s02_e04.mp4,8
view_2_a02_s05_e03.mp4,1
view_2_a03_s01_e00.mp4,2
view_1_a11_s09_e01.mp4,8
view_2_a05_s06_e01.mp4,4
view_1_a03_s03_e04.mp4,2
view_2_a09_s03_e01.mp4,7
view_2_a04_s08_e02.mp4,3
view_1_a02_s10_e03.mp4,1
view_1_a09_s01_e01.mp4,7
view_1_a12_s02_e04.mp4,9
view_2_a03_s03_e05.mp4,2
view_3_a06_s03_e04.mp4,5
view_2_a01_s04_e06.mp4,0
view_3_a06_s07_e04.mp4,5
view_1_a04_s02_e00.mp4,3
view_1_a08_s07_e01.mp4,6
view_2_a03_s05_e04.mp4,2
view_1_a12_s07_e01.mp4,9
view_2_a08_s06_e02.mp4,6
view_1_a08_s04_e01.mp4,6
view_3_a01_s03_e04.mp4,0
view_3_a12_s04_e00.mp4,9
view_2_a01_s01_e00.mp4,0
view_3_a08_s03_e04.mp4,6
view_3_a06_s10_e03.mp4,5
view_1_a02_s10_e02.mp4,1
view_3_a11_s03_e03.mp4,8
view_2_a04_s02_e07.mp4,3
view_2_a08_s05_e00.mp4,7
view_2_a02_s03_e03.mp4,1
view_3_a03_s08_e01.mp4,2
view_1_a04_s06_e02.mp4,3
view_2_a12_s03_e00.mp4,9
view_2_a02_s02_e01.mp4,1
view_1_a11_s10_e04.mp4,8
view_2_a01_s06_e04.mp4,0
view_1_a09_s04_e00.mp4,7
view_2_a01_s04_e03.mp4,0
view_2_a02_s02_e00.mp4,1
view_2_a12_s07_e04.mp4,9
view_1_a05_s07_e04.mp4,4
view_2_a06_s06_e01.mp4,5
view_2_a05_s06_e00.mp4,4
view_2_a06_s06_e02.mp4,5
view_3_a05_s10_e00.mp4,4
view_1_a11_s05_e04.mp4,8
view_2_a12_s04_e02.mp4,9
view_3_a02_s04_e00.mp4,1
view_2_a12_s07_e03.mp4,9
view_1_a04_s10_e02.mp4,3
view_3_a06_s09_e04.mp4,5
view_1_a06_s06_e03.mp4,5
view_1_a02_s08_e02.mp4,1
view_2_a08_s01_e04.mp4,7
view_1_a04_s04_e08.mp4,3
view_2_a11_s08_e03.mp4,8
view_1_a01_s08_e06.mp4,0
view_2_a09_s08_e03.mp4,7
view_1_a01_s04_e04.mp4,0
view_3_a03_s06_e02.mp4,2
view_3_a03_s04_e00.mp4,2
view_3_a06_s07_e02.mp4,5
view_3_a02_s02_e01.mp4,1
view_1_a04_s03_e05.mp4,3
view_1_a11_s08_e03.mp4,8
view_2_a02_s06_e00.mp4,1
view_3_a02_s02_e02.mp4,1
view_2_a04_s03_e04.mp4,3
view_2_a08_s09_e02.mp4,6
view_1_a08_s06_e02.mp4,6
view_1_a02_s04_e03.mp4,1
view_1_a11_s10_e03.mp4,8
view_3_a11_s10_e02.mp4,8
view_3_a08_s09_e00.mp4,6
view_2_a02_s07_e01.mp4,1
view_2_a04_s06_e02.mp4,3
view_3_a06_s06_e03.mp4,5
view_3_a08_s08_e01.mp4,6
view_1_a04_s02_e02.mp4,3
view_1_a02_s07_e01.mp4,1
view_1_a06_s01_e03.mp4,5
view_2_a12_s07_e02.mp4,9
view_2_a02_s09_e00.mp4,1
view_3_a06_s03_e00.mp4,5
view_1_a11_s06_e03.mp4,8
view_1_a04_s09_e00.mp4,3
view_1_a09_s10_e01.mp4,7
view_3_a06_s04_e00.mp4,5
view_1_a06_s10_e01.mp4,5
view_1_a02_s06_e03.mp4,1
view_3_a11_s01_e04.mp4,8
view_2_a06_s07_e04.mp4,5
view_2_a06_s09_e01.mp4,5
view_2_a08_s07_e02.mp4,6
view_2_a04_s05_e04.mp4,3
view_1_a11_s05_e01.mp4,8
view_1_a04_s04_e00.mp4,3
view_2_a08_s06_e00.mp4,6
view_3_a02_s05_e00.mp4,1
view_2_a12_s03_e03.mp4,9
view_3_a09_s10_e02.mp4,7
view_1_a03_s05_e01.mp4,2
view_1_a06_s05_e01.mp4,5
view_2_a12_s09_e02.mp4,9
view_2_a03_s02_e00.mp4,2
view_3_a09_s02_e02.mp4,7
view_1_a03_s05_e00.mp4,2
view_1_a02_s01_e03.mp4,1
view_1_a01_s03_e03.mp4,0
view_3_a06_s08_e03.mp4,5
view_1_a06_s03_e00.mp4,5
view_3_a11_s02_e01.mp4,8
view_3_a09_s06_e01.mp4,7
view_3_a04_s01_e00.mp4,3
view_2_a06_s03_e03.mp4,5
view_3_a05_s01_e03.mp4,4
view_3_a04_s06_e03.mp4,3
view_1_a05_s08_e05.mp4,4
view_3_a08_s09_e04.mp4,6
view_3_a04_s10_e01.mp4,3
view_3_a12_s08_e04.mp4,9
view_1_a02_s08_e04.mp4,1
view_3_a03_s03_e02.mp4,2
view_3_a05_s06_e00.mp4,4
view_1_a01_s10_e02.mp4,0
view_1_a04_s09_e04.mp4,3
view_3_a05_s09_e00.mp4,4
view_3_a12_s04_e02.mp4,9
view_1_a02_s02_e01.mp4,1
view_2_a11_s08_e01.mp4,8
view_3_a03_s04_e03.mp4,2
view_1_a12_s08_e01.mp4,9
view_2_a09_s01_e00.mp4,7
view_1_a09_s09_e04.mp4,7
view_1_a04_s06_e04.mp4,3
view_2_a12_s02_e03.mp4,9
view_2_a03_s03_e01.mp4,2
view_3_a08_s10_e04.mp4,6
view_1_a02_s10_e01.mp4,1
view_3_a06_s09_e01.mp4,5
view_3_a11_s10_e01.mp4,8
view_2_a08_s01_e01.mp4,6
view_2_a06_s10_e01.mp4,5
view_2_a05_s04_e01.mp4,5
view_1_a12_s01_e02.mp4,9
view_1_a11_s01_e04.mp4,8
view_3_a02_s08_e00.mp4,1
view_3_a04_s07_e02.mp4,3
view_3_a12_s06_e03.mp4,9
view_1_a08_s03_e04.mp4,6
view_2_a01_s08_e03.mp4,0
view_1_a02_s08_e03.mp4,1
view_1_a01_s05_e02.mp4,0
view_3_a06_s10_e02.mp4,5
view_3_a09_s08_e00.mp4,7
view_3_a02_s07_e02.mp4,1
view_1_a02_s10_e05.mp4,1
view_2_a01_s02_e01.mp4,0
view_3_a09_s09_e00.mp4,7
view_1_a12_s08_e00.mp4,9
view_1_a05_s01_e03.mp4,4
view_2_a12_s09_e04.mp4,9
view_1_a02_s02_e02.mp4,1
view_3_a05_s01_e02.mp4,4
view_2_a11_s02_e02.mp4,8
view_1_a09_s02_e02.mp4,7
view_3_a06_s01_e02.mp4,5
view_1_a04_s06_e00.mp4,3
view_1_a04_s03_e01.mp4,3
view_3_a08_s08_e00.mp4,6
view_3_a02_s07_e04.mp4,1
view_1_a09_s01_e00.mp4,7
view_3_a09_s04_e03.mp4,7
view_2_a03_s09_e03.mp4,2
view_2_a04_s09_e02.mp4,3
view_2_a09_s02_e02.mp4,7
view_3_a01_s10_e01.mp4,0
view_3_a05_s10_e01.mp4,4
view_3_a03_s02_e03.mp4,2
view_2_a04_s07_e03.mp4,3
view_2_a03_s02_e02.mp4,2
view_2_a01_s01_e02.mp4,0
view_1_a01_s02_e04.mp4,0
view_1_a08_s07_e03.mp4,6
view_1_a04_s02_e01.mp4,3
view_2_a02_s06_e04.mp4,1
view_3_a04_s04_e02.mp4,3
view_1_a06_s04_e00.mp4,5
view_3_a12_s06_e00.mp4,9
view_1_a12_s03_e03.mp4,9
view_1_a08_s10_e02.mp4,6
view_1_a11_s10_e01.mp4,8
view_2_a01_s03_e03.mp4,0
view_3_a12_s06_e02.mp4,9
view_2_a01_s01_e04.mp4,0
view_2_a01_s10_e00.mp4,0
view_3_a01_s10_e04.mp4,0
view_2_a12_s02_e02.mp4,9
view_2_a08_s08_e02.mp4,6
view_2_a05_s08_e04.mp4,4
view_3_a12_s01_e00.mp4,9
view_1_a06_s08_e03.mp4,5
view_1_a05_s03_e04.mp4,4
view_1_a08_s08_e02.mp4,6
view_1_a04_s04_e09.mp4,3
view_3_a08_s04_e03.mp4,6
view_2_a04_s08_e00.mp4,3
view_3_a09_s07_e03.mp4,7
view_1_a11_s07_e03.mp4,8
view_3_a02_s07_e05.mp4,1
view_2_a01_s05_e00.mp4,0
view_2_a05_s10_e02.mp4,4
view_1_a03_s08_e00.mp4,2
view_2_a05_s03_e01.mp4,4
view_3_a02_s01_e01.mp4,1
view_3_a03_s08_e03.mp4,2
view_3_a04_s01_e03.mp4,3
view_3_a08_s04_e04.mp4,6
view_2_a05_s06_e04.mp4,4
view_2_a02_s09_e03.mp4,1
view_3_a01_s01_e04.mp4,0
view_2_a05_s05_e03.mp4,4
view_3_a08_s02_e02.mp4,6
view_2_a04_s01_e04.mp4,3
view_2_a06_s10_e03.mp4,5
view_1_a04_s04_e01.mp4,3
view_3_a05_s10_e03.mp4,4
view_2_a09_s09_e03.mp4,7
view_2_a04_s08_e01.mp4,3
view_2_a11_s03_e00.mp4,8
view_1_a04_s05_e03.mp4,3
view_1_a02_s04_e02.mp4,1
view_3_a02_s07_e03.mp4,1
view_2_a01_s04_e04.mp4,0
view_3_a06_s07_e05.mp4,5
view_1_a11_s10_e00.mp4,8
view_3_a11_s08_e04.mp4,8
view_1_a11_s05_e03.mp4,8
view_3_a08_s10_e00.mp4,6
view_3_a11_s07_e01.mp4,8
view_3_a01_s07_e01.mp4,0
view_1_a05_s04_e04.mp4,4
view_2_a06_s10_e02.mp4,5
view_1_a09_s08_e02.mp4,7
view_3_a01_s06_e01.mp4,0
view_2_a04_s02_e06.mp4,3
view_1_a06_s09_e02.mp4,5
view_2_a03_s09_e01.mp4,2
view_1_a09_s02_e00.mp4,7
view_1_a03_s06_e04.mp4,2
view_2_a05_s03_e04.mp4,4
view_1_a02_s03_e03.mp4,1
view_3_a09_s01_e00.mp4,7
view_2_a11_s06_e01.mp4,8
view_2_a08_s04_e03.mp4,6
view_2_a09_s01_e04.mp4,7
view_1_a04_s07_e04.mp4,3
view_2_a11_s02_e00.mp4,8
view_3_a02_s06_e03.mp4,1
view_3_a05_s03_e04.mp4,4
view_3_a06_s02_e03.mp4,5
view_2_a09_s10_e01.mp4,7
view_1_a04_s05_e08.mp4,3
view_3_a08_s09_e02.mp4,6
view_2_a06_s07_e02.mp4,5
view_3_a11_s04_e01.mp4,8
view_2_a01_s02_e04.mp4,0
view_1_a08_s04_e00.mp4,6
view_3_a12_s07_e00.mp4,9
view_1_a08_s02_e00.mp4,6
view_1_a09_s07_e01.mp4,7
view_1_a08_s05_e03.mp4,6
view_2_a09_s09_e01.mp4,7
view_1_a05_s10_e02.mp4,4
view_3_a12_s03_e04.mp4,9
view_1_a04_s03_e03.mp4,3
view_1_a05_s07_e02.mp4,4
view_2_a04_s05_e03.mp4,3
view_3_a03_s10_e00.mp4,2
view_3_a04_s07_e00.mp4,3
view_3_a01_s07_e04.mp4,0
view_1_a12_s01_e03.mp4,9
view_1_a01_s07_e02.mp4,0
view_2_a09_s05_e01.mp4,6
view_2_a06_s03_e02.mp4,5
view_2_a12_s06_e01.mp4,9
view_2_a09_s06_e02.mp4,7
view_2_a11_s03_e01.mp4,8
view_1_a03_s04_e01.mp4,2
view_2_a01_s04_e01.mp4,0
view_2_a11_s04_e01.mp4,8
view_1_a09_s04_e01.mp4,7
view_3_a05_s03_e03.mp4,4
view_3_a12_s09_e01.mp4,9
view_3_a04_s03_e02.mp4,3
view_2_a04_s02_e04.mp4,3
view_1_a12_s10_e03.mp4,9
view_3_a09_s08_e01.mp4,7
view_1_a08_s09_e03.mp4,6
view_3_a05_s03_e01.mp4,4
view_2_a08_s05_e02.mp4,7
view_3_a02_s02_e04.mp4,1
view_1_a12_s10_e04.mp4,9
view_3_a03_s06_e01.mp4,2
view_1_a01_s08_e05.mp4,0
view_3_a02_s03_e00.mp4,1
view_2_a02_s05_e04.mp4,1
view_2_a11_s03_e04.mp4,8
view_1_a01_s03_e02.mp4,0
view_1_a06_s01_e02.mp4,5
view_2_a01_s08_e00.mp4,0
view_2_a04_s02_e03.mp4,3
view_1_a04_s01_e05.mp4,3
view_3_a12_s07_e02.mp4,9
view_2_a04_s01_e07.mp4,3
view_3_a03_s07_e01.mp4,2
view_3_a11_s06_e03.mp4,8
view_3_a09_s03_e03.mp4,7
view_1_a03_s06_e02.mp4,2
view_1_a01_s03_e01.mp4,0
view_3_a04_s09_e03.mp4,3
view_1_a01_s10_e04.mp4,0
view_1_a01_s01_e02.mp4,0
view_3_a01_s07_e02.mp4,0
view_2_a11_s05_e00.mp4,8
view_1_a06_s01_e00.mp4,5
view_1_a03_s01_e04.mp4,2
view_2_a01_s05_e01.mp4,0
view_2_a03_s05_e00.mp4,2
view_3_a06_s06_e02.mp4,5
view_3_a06_s03_e03.mp4,5
view_2_a09_s07_e02.mp4,7
view_3_a03_s02_e01.mp4,2
view_3_a08_s01_e03.mp4,6
view_3_a03_s01_e00.mp4,2
view_2_a01_s09_e00.mp4,0
view_2_a12_s04_e05.mp4,9
view_1_a04_s04_e10.mp4,3
view_1_a12_s08_e03.mp4,9
view_2_a03_s04_e04.mp4,2
view_2_a01_s07_e00.mp4,0
view_2_a04_s04_e00.mp4,3
view_2_a01_s02_e03.mp4,0
view_2_a06_s05_e04.mp4,5
view_2_a06_s07_e01.mp4,5
view_2_a08_s07_e00.mp4,6
view_3_a03_s01_e03.mp4,2
view_2_a08_s02_e01.mp4,6
view_1_a01_s08_e02.mp4,0
view_2_a09_s02_e00.mp4,7
view_2_a05_s05_e04.mp4,4
view_3_a03_s06_e00.mp4,2
view_2_a08_s01_e02.mp4,6
view_2_a03_s02_e03.mp4,2
view_1_a05_s06_e00.mp4,4
view_3_a05_s04_e00.mp4,4
view_1_a11_s08_e05.mp4,8
view_2_a05_s07_e02.mp4,4
view_1_a09_s04_e02.mp4,7
view_3_a03_s07_e02.mp4,2
view_2_a11_s08_e02.mp4,8
view_2_a02_s05_e01.mp4,1
view_2_a02_s07_e00.mp4,1
view_3_a12_s02_e02.mp4,9
view_1_a04_s01_e03.mp4,3
view_2_a05_s09_e04.mp4,4
view_1_a02_s07_e03.mp4,1
view_2_a08_s10_e04.mp4,6
view_3_a11_s07_e03.mp4,8
view_2_a08_s02_e04.mp4,6
view_1_a09_s04_e03.mp4,7
view_3_a08_s06_e00.mp4,6
view_2_a05_s02_e03.mp4,4
view_3_a11_s07_e00.mp4,8
view_3_a08_s07_e02.mp4,6
view_3_a11_s09_e01.mp4,8
view_1_a08_s05_e00.mp4,6
view_3_a05_s09_e04.mp4,4
view_2_a12_s05_e01.mp4,9
view_2_a01_s09_e04.mp4,0
view_1_a08_s05_e04.mp4,6
view_1_a04_s01_e00.mp4,3
view_1_a02_s10_e00.mp4,1
view_3_a05_s01_e00.mp4,4
view_3_a05_s08_e03.mp4,4
view_1_a03_s02_e00.mp4,2
view_3_a12_s03_e00.mp4,9
view_1_a11_s10_e05.mp4,8
view_3_a02_s04_e03.mp4,1
view_2_a05_s01_e03.mp4,4
view_2_a05_s04_e04.mp4,5
view_1_a04_s07_e01.mp4,3
view_1_a05_s03_e00.mp4,4
view_1_a05_s10_e00.mp4,4
view_3_a08_s02_e03.mp4,6
view_1_a06_s02_e03.mp4,5
view_2_a04_s04_e04.mp4,3
view_1_a01_s09_e03.mp4,0
view_3_a03_s09_e03.mp4,2
view_2_a09_s05_e05.mp4,6
view_2_a01_s05_e02.mp4,0
view_3_a02_s01_e03.mp4,1
view_1_a06_s04_e02.mp4,5
view_1_a02_s05_e00.mp4,1
view_3_a06_s01_e01.mp4,5
view_1_a04_s07_e00.mp4,3
view_2_a09_s02_e04.mp4,7
view_3_a04_s03_e04.mp4,3
view_1_a01_s08_e04.mp4,0
view_3_a01_s04_e02.mp4,0
view_1_a02_s02_e04.mp4,1
view_2_a09_s06_e03.mp4,7
view_2_a11_s06_e03.mp4,8
view_1_a05_s07_e03.mp4,4
view_3_a01_s01_e00.mp4,0
view_1_a11_s05_e00.mp4,8
view_3_a12_s10_e04.mp4,9
view_1_a03_s08_e02.mp4,2
view_1_a01_s06_e01.mp4,0
view_3_a12_s01_e02.mp4,9
view_2_a04_s07_e01.mp4,3
view_1_a11_s01_e01.mp4,8
view_1_a05_s03_e03.mp4,4
view_2_a05_s02_e01.mp4,4
view_1_a04_s02_e05.mp4,3
view_2_a06_s04_e01.mp4,4
view_3_a06_s10_e01.mp4,5
view_2_a04_s06_e05.mp4,3
view_1_a06_s03_e04.mp4,5
view_1_a11_s02_e04.mp4,8
view_1_a04_s04_e07.mp4,3
view_3_a02_s03_e02.mp4,1
view_1_a08_s02_e01.mp4,6
view_3_a12_s03_e01.mp4,9
view_2_a01_s09_e01.mp4,0
view_1_a03_s09_e00.mp4,2
view_3_a11_s03_e04.mp4,8
view_3_a04_s03_e00.mp4,3
view_1_a05_s08_e02.mp4,4
view_3_a06_s08_e02.mp4,5
view_1_a02_s03_e04.mp4,1
view_2_a11_s05_e04.mp4,8
view_1_a05_s02_e03.mp4,4
view_2_a06_s04_e03.mp4,4
view_1_a09_s01_e03.mp4,7
view_1_a09_s09_e00.mp4,7
view_1_a03_s09_e04.mp4,2
view_1_a09_s04_e04.mp4,7
view_2_a01_s10_e03.mp4,0
view_1_a04_s04_e05.mp4,3
view_3_a09_s06_e02.mp4,7
view_1_a01_s06_e03.mp4,0
view_1_a04_s05_e07.mp4,3
view_3_a05_s06_e01.mp4,4
view_1_a12_s05_e02.mp4,9
view_3_a12_s08_e02.mp4,9
view_3_a05_s07_e01.mp4,4
view_2_a01_s06_e02.mp4,0
view_1_a03_s07_e03.mp4,2
view_2_a01_s08_e01.mp4,0
view_2_a09_s03_e00.mp4,7
view_3_a01_s10_e02.mp4,0
view_2_a12_s09_e03.mp4,9
view_1_a03_s02_e01.mp4,2
view_1_a08_s09_e00.mp4,6
view_2_a08_s05_e04.mp4,7
view_1_a02_s01_e01.mp4,1
view_1_a01_s04_e03.mp4,0
view_1_a09_s08_e01.mp4,7
view_2_a05_s08_e03.mp4,4
view_3_a06_s06_e01.mp4,5
view_1_a02_s03_e01.mp4,1
view_1_a02_s08_e00.mp4,1
view_3_a03_s03_e00.mp4,2
view_1_a04_s05_e05.mp4,3
view_2_a08_s01_e00.mp4,6
view_1_a03_s01_e03.mp4,2
view_2_a04_s05_e00.mp4,3
view_3_a06_s04_e01.mp4,5
view_3_a12_s10_e01.mp4,9
view_3_a03_s01_e02.mp4,2
view_3_a04_s09_e04.mp4,3
view_2_a06_s01_e01.mp4,5
view_3_a02_s05_e01.mp4,1
view_3_a03_s03_e03.mp4,2
view_1_a05_s04_e00.mp4,4
view_1_a06_s07_e00.mp4,5
view_3_a02_s09_e00.mp4,1
view_1_a09_s07_e02.mp4,7
view_1_a12_s06_e05.mp4,9
view_2_a02_s01_e04.mp4,1
view_3_a01_s04_e01.mp4,0
view_1_a12_s05_e04.mp4,9
view_2_a09_s05_e00.mp4,6
view_1_a06_s08_e02.mp4,5
view_3_a09_s10_e04.mp4,7
view_1_a08_s07_e02.mp4,6
view_3_a11_s01_e00.mp4,8
view_3_a04_s07_e03.mp4,3
view_3_a03_s05_e02.mp4,2
view_1_a08_s07_e00.mp4,6
view_3_a05_s01_e01.mp4,4
view_2_a01_s10_e02.mp4,0
view_2_a04_s09_e03.mp4,3
view_3_a01_s10_e00.mp4,0
view_1_a06_s08_e01.mp4,5
view_2_a03_s01_e04.mp4,2
view_3_a08_s07_e03.mp4,6
view_3_a03_s09_e00.mp4,2
view_2_a05_s08_e02.mp4,4
view_3_a04_s04_e00.mp4,3
view_1_a04_s03_e00.mp4,3
view_3_a11_s02_e02.mp4,8
view_1_a04_s04_e04.mp4,3
view_3_a06_s09_e03.mp4,5
view_1_a06_s10_e04.mp4,5
view_2_a04_s04_e01.mp4,3
view_1_a02_s05_e03.mp4,1
view_1_a03_s08_e06.mp4,2
view_2_a04_s04_e02.mp4,3
view_1_a03_s02_e03.mp4,2
view_3_a04_s09_e01.mp4,3
view_2_a04_s08_e04.mp4,3
view_3_a05_s09_e03.mp4,4
view_1_a05_s02_e01.mp4,4
view_2_a09_s04_e04.mp4,7
view_3_a03_s10_e03.mp4,2
view_2_a06_s02_e02.mp4,5
view_1_a09_s10_e04.mp4,7
view_2_a04_s10_e03.mp4,3
view_2_a02_s10_e04.mp4,1
view_2_a04_s04_e03.mp4,3
view_3_a09_s02_e01.mp4,7
view_1_a02_s10_e04.mp4,1
view_2_a04_s03_e02.mp4,3
view_2_a06_s01_e03.mp4,5
view_1_a09_s06_e02.mp4,7
view_2_a06_s05_e03.mp4,5
view_1_a05_s08_e00.mp4,4
view_3_a05_s03_e00.mp4,4
view_1_a04_s06_e03.mp4,3
view_2_a04_s01_e06.mp4,3
view_2_a05_s07_e03.mp4,4
view_2_a06_s06_e00.mp4,5
view_3_a01_s03_e06.mp4,0
view_3_a08_s02_e01.mp4,6
view_3_a11_s06_e02.mp4,8
view_3_a03_s03_e01.mp4,2
view_2_a11_s07_e00.mp4,8
view_1_a01_s01_e00.mp4,0
view_2_a04_s03_e03.mp4,3
view_1_a09_s03_e04.mp4,7